CaptureFilename,Frame,DateTime,FrameBytes,SrcMAC,SrcIP,SrcPort,DstMAC,DstIP,DstPort,IPVersion,TTL,TCPFlags,Seq,Ack,WindowSize,PayloadBytes,Payload,Connection
C:\Users\hankok\Desktop\Network\tcp.cap,1,2015-08-01 18:18:21,74,000C29B0A9C1,,49673,005056E06AEC,,80,4,64,S,667600901,0,8192,0,,1
C:\Users\hankok\Desktop\Network\tcp.cap,2,2015-08-01 18:18:21,60,005056E06AEC,,80,000C29B0A9C1,,49673,4,128,AS,576549773,667600902,64240,0,,1
C:\Users\hankok\Desktop\Network\tcp.cap,3,2015-08-01 18:18:21,74,000C29B0A9C1,,49674,005056E06AEC,,80,4,64,S,2862183526,0,8192,0,,2
C:\Users\hankok\Desktop\Network\tcp.cap,4,2015-08-01 18:18:22,60,005056E06AEC,,80,000C29B0A9C1,,49674,4,128,AS,2268424932,2862183527,64240,0,,2
C:\Users\hankok\Desktop\Network\tcp.cap,5,2015-08-01 18:18:22,74,000C29B0A9C1,,49675,005056E06AEC,,80,4,64,S,1480761073,0,8192,0,,3
C:\Users\hankok\Desktop\Network\tcp.cap,6,2015-08-01 18:18:22,60,005056E06AEC,,80,000C29B0A9C1,,49675,4,128,AS,365196606,1480761074,64240,0,,3
C:\Users\hankok\Desktop\Network\tcp.cap,7,2015-08-01 18:18:22,74,000C29B0A9C1,,49676,005056E06AEC,,80,4,64,S,3589351614,0,8192,0,,4
C:\Users\hankok\Desktop\Network\tcp.cap,8,2015-08-01 18:18:22,60,005056E06AEC,,80,000C29B0A9C1,,49676,4,128,AS,1986709113,3589351615,64240,0,,4
C:\Users\hankok\Desktop\Network\tcp.cap,9,2015-08-01 18:18:22,74,000C29B0A9C1,,49677,005056E06AEC,,80,4,64,S,197146094,0,8192,0,,5
C:\Users\hankok\Desktop\Network\tcp.cap,10,2015-08-01 18:18:22,60,005056E06AEC,,80,000C29B0A9C1,,49677,4,128,AS,1863511048,197146095,64240,0,,5
